measure,major_region,quarter,job_vacancies,year
Job vacancies - total,Switzerland,1997Q1,,1997
Job vacancies - total,Switzerland,1997Q2,,1997
Job vacancies - total,Switzerland,1997Q3,,1997
Job vacancies - total,Switzerland,1997Q4,,1997
Job vacancies - total,Switzerland,1998Q1,,1998
Job vacancies - total,Switzerland,1998Q2,,1998
Job vacancies - total,Switzerland,1998Q3,,1998
Job vacancies - total,Switzerland,1998Q4,,1998
Job vacancies - total,Switzerland,1999Q1,,1999
Job vacancies - total,Switzerland,1999Q2,,1999
Job vacancies - total,Switzerland,1999Q3,,1999
Job vacancies - total,Switzerland,1999Q4,,1999
Job vacancies - total,Switzerland,2000Q1,,2000
Job vacancies - total,Switzerland,2000Q2,,2000
Job vacancies - total,Switzerland,2000Q3,,2000
Job vacancies - total,Switzerland,2000Q4,,2000
Job vacancies - total,Switzerland,2001Q1,,2001
Job vacancies - total,Switzerland,2001Q2,,2001
Job vacancies - total,Switzerland,2001Q3,,2001
Job vacancies - total,Switzerland,2001Q4,,2001
Job vacancies - total,Switzerland,2002Q1,,2002
Job vacancies - total,Switzerland,2002Q2,,2002
Job vacancies - total,Switzerland,2002Q3,,2002
Job vacancies - total,Switzerland,2002Q4,,2002
Job vacancies - total,Switzerland,2003Q1,,2003
Job vacancies - total,Switzerland,2003Q2,36729.0,2003
Job vacancies - total,Switzerland,2003Q3,29219.0,2003
Job vacancies - total,Switzerland,2003Q4,29043.0,2003
Job vacancies - total,Switzerland,2004Q1,40276.0,2004
Job vacancies - total,Switzerland,2004Q2,39672.0,2004
Job vacancies - total,Switzerland,2004Q3,31277.0,2004
Job vacancies - total,Switzerland,2004Q4,30972.0,2004
Job vacancies - total,Switzerland,2005Q1,35382.0,2005
Job vacancies - total,Switzerland,2005Q2,35404.0,2005
Job vacancies - total,Switzerland,2005Q3,36153.0,2005
Job vacancies - total,Switzerland,2005Q4,40946.0,2005
Job vacancies - total,Switzerland,2006Q1,50667.0,2006
Job vacancies - total,Switzerland,2006Q2,52742.0,2006
Job vacancies - total,Switzerland,2006Q3,51835.0,2006
Job vacancies - total,Switzerland,2006Q4,56996.0,2006
Job vacancies - total,Switzerland,2007Q1,65416.0,2007
Job vacancies - total,Switzerland,2007Q2,72413.0,2007
Job vacancies - total,Switzerland,2007Q3,72778.0,2007
Job vacancies - total,Switzerland,2007Q4,69773.0,2007
Job vacancies - total,Switzerland,2008Q1,78215.0,2008
Job vacancies - total,Switzerland,2008Q2,76075.0,2008
Job vacancies - total,Switzerland,2008Q3,73317.0,2008
Job vacancies - total,Switzerland,2008Q4,52066.0,2008
Job vacancies - total,Switzerland,2009Q1,49533.0,2009
Job vacancies - total,Switzerland,2009Q2,49095.0,2009
Job vacancies - total,Switzerland,2009Q3,44662.0,2009
Job vacancies - total,Switzerland,2009Q4,46800.0,2009
Job vacancies - total,Switzerland,2010Q1,51162.0,2010
Job vacancies - total,Switzerland,2010Q2,56596.0,2010
Job vacancies - total,Switzerland,2010Q3,57031.0,2010
Job vacancies - total,Switzerland,2010Q4,56133.0,2010
Job vacancies - total,Switzerland,2011Q1,64606.0,2011
Job vacancies - total,Switzerland,2011Q2,64463.0,2011
Job vacancies - total,Switzerland,2011Q3,55910.0,2011
Job vacancies - total,Switzerland,2011Q4,51435.0,2011
Job vacancies - total,Switzerland,2012Q1,58246.0,2012
Job vacancies - total,Switzerland,2012Q2,55413.0,2012
Job vacancies - total,Switzerland,2012Q3,53323.0,2012
Job vacancies - total,Switzerland,2012Q4,51427.0,2012
Job vacancies - total,Switzerland,2013Q1,57685.0,2013
Job vacancies - total,Switzerland,2013Q2,57896.0,2013
Job vacancies - total,Switzerland,2013Q3,57211.0,2013
Job vacancies - total,Switzerland,2013Q4,55392.0,2013
Job vacancies - total,Switzerland,2014Q1,61844.0,2014
Job vacancies - total,Switzerland,2014Q2,59709.0,2014
Job vacancies - total,Switzerland,2014Q3,57344.0,2014
Job vacancies - total,Switzerland,2014Q4,55420.0,2014
Job vacancies - total,Switzerland,2015Q1,57568.0,2015
Job vacancies - total,Switzerland,2015Q2,53885.0,2015
Job vacancies - total,Switzerland,2015Q3,49970.0,2015
Job vacancies - total,Switzerland,2015Q4,50090.0,2015
Job vacancies - total,Switzerland,2016Q1,52670.0,2016
Job vacancies - total,Switzerland,2016Q2,54383.0,2016
Job vacancies - total,Switzerland,2016Q3,54567.0,2016
Job vacancies - total,Switzerland,2016Q4,53147.0,2016
Job vacancies - total,Switzerland,2017Q1,59879.0,2017
Job vacancies - total,Switzerland,2017Q2,60070.0,2017
Job vacancies - total,Switzerland,2017Q3,58638.0,2017
Job vacancies - total,Switzerland,2017Q4,62103.0,2017
Job vacancies - total,Switzerland,2018Q1,70628.0,2018
Job vacancies - total,Switzerland,2018Q2,74859.0,2018
Job vacancies - total,Switzerland,2018Q3,74067.0,2018
Job vacancies - total,Switzerland,2018Q4,76504.0,2018
Job vacancies - total,Switzerland,2019Q1,80229.0,2019
Job vacancies - total,Switzerland,2019Q2,87616.0,2019
Job vacancies - total,Switzerland,2019Q3,82773.0,2019
Job vacancies - total,Switzerland,2019Q4,82915.0,2019
Job vacancies - total,Switzerland,2020Q1,70681.0,2020
Job vacancies - total,Switzerland,2020Q2,61631.0,2020
Job vacancies - total,Switzerland,2020Q3,68455.0,2020
Job vacancies - total,Switzerland,2020Q4,66713.0,2020
Job vacancies - total,Switzerland,2021Q1,72763.0,2021
Job vacancies - total,Switzerland,2021Q2,88250.0,2021
Job vacancies - total,Switzerland,2021Q3,98266.0,2021
Job vacancies - total,Switzerland,2021Q4,103645.0,2021
Job vacancies - total,Switzerland,2022Q1,120610.0,2022
Job vacancies - total,Switzerland,2022Q2,127017.0,2022
Job vacancies - total,Switzerland,2022Q3,123009.0,2022
Job vacancies - total,Switzerland,2022Q4,122796.0,2022
Job vacancies - total,Switzerland,2023Q1,125370.0,2023
Job vacancies - total,Switzerland,2023Q2,124455.0,2023
Job vacancies - total,Switzerland,2023Q3,114119.0,2023
Job vacancies - total,Switzerland,2023Q4,109465.0,2023
Job vacancies - total,Switzerland,2024Q1,112500.0,2024
Job vacancies - total,Switzerland,2024Q2,103605.0,2024
Job vacancies - total,Switzerland,2024Q3,98776.0,2024
Job vacancies - total,Switzerland,2024Q4,89927.0,2024
Job vacancies - total,Switzerland,2025Q1,93551.0,2025
Job vacancies - total,Switzerland,2025Q2,93849.0,2025
Job vacancies - total,Switzerland,2025Q3,88431.0,2025
Job vacancies - total,Switzerland,2025Q4,86034.0,2025
Job vacancies - total,Region lémanique,1997Q1,,1997
Job vacancies - total,Region lémanique,1997Q2,,1997
Job vacancies - total,Region lémanique,1997Q3,,1997
Job vacancies - total,Region lémanique,1997Q4,,1997
Job vacancies - total,Region lémanique,1998Q1,,1998
Job vacancies - total,Region lémanique,1998Q2,,1998
Job vacancies - total,Region lémanique,1998Q3,,1998
Job vacancies - total,Region lémanique,1998Q4,,1998
Job vacancies - total,Region lémanique,1999Q1,,1999
Job vacancies - total,Region lémanique,1999Q2,,1999
Job vacancies - total,Region lémanique,1999Q3,,1999
Job vacancies - total,Region lémanique,1999Q4,,1999
Job vacancies - total,Region lémanique,2000Q1,,2000
Job vacancies - total,Region lémanique,2000Q2,,2000
Job vacancies - total,Region lémanique,2000Q3,,2000
Job vacancies - total,Region lémanique,2000Q4,,2000
Job vacancies - total,Region lémanique,2001Q1,,2001
Job vacancies - total,Region lémanique,2001Q2,,2001
Job vacancies - total,Region lémanique,2001Q3,,2001
Job vacancies - total,Region lémanique,2001Q4,,2001
Job vacancies - total,Region lémanique,2002Q1,,2002
Job vacancies - total,Region lémanique,2002Q2,,2002
Job vacancies - total,Region lémanique,2002Q3,,2002
Job vacancies - total,Region lémanique,2002Q4,,2002
Job vacancies - total,Region lémanique,2003Q1,,2003
Job vacancies - total,Region lémanique,2003Q2,7608.0,2003
Job vacancies - total,Region lémanique,2003Q3,7036.0,2003
Job vacancies - total,Region lémanique,2003Q4,5850.0,2003
Job vacancies - total,Region lémanique,2004Q1,6859.0,2004
Job vacancies - total,Region lémanique,2004Q2,6870.0,2004
Job vacancies - total,Region lémanique,2004Q3,5342.0,2004
Job vacancies - total,Region lémanique,2004Q4,5416.0,2004
Job vacancies - total,Region lémanique,2005Q1,5110.0,2005
Job vacancies - total,Region lémanique,2005Q2,6345.0,2005
Job vacancies - total,Region lémanique,2005Q3,6683.0,2005
Job vacancies - total,Region lémanique,2005Q4,5273.0,2005
Job vacancies - total,Region lémanique,2006Q1,6697.0,2006
Job vacancies - total,Region lémanique,2006Q2,7803.0,2006
Job vacancies - total,Region lémanique,2006Q3,7760.0,2006
Job vacancies - total,Region lémanique,2006Q4,9387.0,2006
Job vacancies - total,Region lémanique,2007Q1,8620.0,2007
Job vacancies - total,Region lémanique,2007Q2,10580.0,2007
Job vacancies - total,Region lémanique,2007Q3,9712.0,2007
Job vacancies - total,Region lémanique,2007Q4,9640.0,2007
Job vacancies - total,Region lémanique,2008Q1,10494.0,2008
Job vacancies - total,Region lémanique,2008Q2,11443.0,2008
Job vacancies - total,Region lémanique,2008Q3,11328.0,2008
Job vacancies - total,Region lémanique,2008Q4,8230.0,2008
Job vacancies - total,Region lémanique,2009Q1,7565.0,2009
Job vacancies - total,Region lémanique,2009Q2,7652.0,2009
Job vacancies - total,Region lémanique,2009Q3,7143.0,2009
Job vacancies - total,Region lémanique,2009Q4,7420.0,2009
Job vacancies - total,Region lémanique,2010Q1,7646.0,2010
Job vacancies - total,Region lémanique,2010Q2,8715.0,2010
Job vacancies - total,Region lémanique,2010Q3,8938.0,2010
Job vacancies - total,Region lémanique,2010Q4,8208.0,2010
Job vacancies - total,Region lémanique,2011Q1,9654.0,2011
Job vacancies - total,Region lémanique,2011Q2,9559.0,2011
Job vacancies - total,Region lémanique,2011Q3,8335.0,2011
Job vacancies - total,Region lémanique,2011Q4,7342.0,2011
Job vacancies - total,Region lémanique,2012Q1,7296.0,2012
Job vacancies - total,Region lémanique,2012Q2,7652.0,2012
Job vacancies - total,Region lémanique,2012Q3,7716.0,2012
Job vacancies - total,Region lémanique,2012Q4,7182.0,2012
Job vacancies - total,Region lémanique,2013Q1,8090.0,2013
Job vacancies - total,Region lémanique,2013Q2,8191.0,2013
Job vacancies - total,Region lémanique,2013Q3,9104.0,2013
Job vacancies - total,Region lémanique,2013Q4,8167.0,2013
Job vacancies - total,Region lémanique,2014Q1,9055.0,2014
Job vacancies - total,Region lémanique,2014Q2,9832.0,2014
Job vacancies - total,Region lémanique,2014Q3,9241.0,2014
Job vacancies - total,Region lémanique,2014Q4,7938.0,2014
Job vacancies - total,Region lémanique,2015Q1,7805.0,2015
Job vacancies - total,Region lémanique,2015Q2,7942.0,2015
Job vacancies - total,Region lémanique,2015Q3,7018.0,2015
Job vacancies - total,Region lémanique,2015Q4,7109.0,2015
Job vacancies - total,Region lémanique,2016Q1,7996.0,2016
Job vacancies - total,Region lémanique,2016Q2,8150.0,2016
Job vacancies - total,Region lémanique,2016Q3,8680.0,2016
Job vacancies - total,Region lémanique,2016Q4,7318.0,2016
Job vacancies - total,Region lémanique,2017Q1,8723.0,2017
Job vacancies - total,Region lémanique,2017Q2,9545.0,2017
Job vacancies - total,Region lémanique,2017Q3,9346.0,2017
Job vacancies - total,Region lémanique,2017Q4,10288.0,2017
Job vacancies - total,Region lémanique,2018Q1,10943.0,2018
Job vacancies - total,Region lémanique,2018Q2,10872.0,2018
Job vacancies - total,Region lémanique,2018Q3,11144.0,2018
Job vacancies - total,Region lémanique,2018Q4,10588.0,2018
Job vacancies - total,Region lémanique,2019Q1,11832.0,2019
Job vacancies - total,Region lémanique,2019Q2,13300.0,2019
Job vacancies - total,Region lémanique,2019Q3,13316.0,2019
Job vacancies - total,Region lémanique,2019Q4,13186.0,2019
Job vacancies - total,Region lémanique,2020Q1,10579.0,2020
Job vacancies - total,Region lémanique,2020Q2,9417.0,2020
Job vacancies - total,Region lémanique,2020Q3,11062.0,2020
Job vacancies - total,Region lémanique,2020Q4,9997.0,2020
Job vacancies - total,Region lémanique,2021Q1,10370.0,2021
Job vacancies - total,Region lémanique,2021Q2,13068.0,2021
Job vacancies - total,Region lémanique,2021Q3,13913.0,2021
Job vacancies - total,Region lémanique,2021Q4,13842.0,2021
Job vacancies - total,Region lémanique,2022Q1,15846.0,2022
Job vacancies - total,Region lémanique,2022Q2,18232.0,2022
Job vacancies - total,Region lémanique,2022Q3,17156.0,2022
Job vacancies - total,Region lémanique,2022Q4,17944.0,2022
Job vacancies - total,Region lémanique,2023Q1,17273.0,2023
Job vacancies - total,Region lémanique,2023Q2,17185.0,2023
Job vacancies - total,Region lémanique,2023Q3,17103.0,2023
Job vacancies - total,Region lémanique,2023Q4,15837.0,2023
Job vacancies - total,Region lémanique,2024Q1,15680.0,2024
Job vacancies - total,Region lémanique,2024Q2,14348.0,2024
Job vacancies - total,Region lémanique,2024Q3,14814.0,2024
Job vacancies - total,Region lémanique,2024Q4,12045.0,2024
Job vacancies - total,Region lémanique,2025Q1,13968.0,2025
Job vacancies - total,Region lémanique,2025Q2,14258.0,2025
Job vacancies - total,Region lémanique,2025Q3,13926.0,2025
Job vacancies - total,Region lémanique,2025Q4,13400.0,2025
Job vacancies - total,Espace Mittelland,1997Q1,,1997
Job vacancies - total,Espace Mittelland,1997Q2,,1997
Job vacancies - total,Espace Mittelland,1997Q3,,1997
Job vacancies - total,Espace Mittelland,1997Q4,,1997
Job vacancies - total,Espace Mittelland,1998Q1,,1998
Job vacancies - total,Espace Mittelland,1998Q2,,1998
Job vacancies - total,Espace Mittelland,1998Q3,,1998
Job vacancies - total,Espace Mittelland,1998Q4,,1998
Job vacancies - total,Espace Mittelland,1999Q1,,1999
Job vacancies - total,Espace Mittelland,1999Q2,,1999
Job vacancies - total,Espace Mittelland,1999Q3,,1999
Job vacancies - total,Espace Mittelland,1999Q4,,1999
Job vacancies - total,Espace Mittelland,2000Q1,,2000
Job vacancies - total,Espace Mittelland,2000Q2,,2000
Job vacancies - total,Espace Mittelland,2000Q3,,2000
Job vacancies - total,Espace Mittelland,2000Q4,,2000
Job vacancies - total,Espace Mittelland,2001Q1,,2001
Job vacancies - total,Espace Mittelland,2001Q2,,2001
Job vacancies - total,Espace Mittelland,2001Q3,,2001
Job vacancies - total,Espace Mittelland,2001Q4,,2001
Job vacancies - total,Espace Mittelland,2002Q1,,2002
Job vacancies - total,Espace Mittelland,2002Q2,,2002
Job vacancies - total,Espace Mittelland,2002Q3,,2002
Job vacancies - total,Espace Mittelland,2002Q4,,2002
Job vacancies - total,Espace Mittelland,2003Q1,,2003
Job vacancies - total,Espace Mittelland,2003Q2,5290.0,2003
Job vacancies - total,Espace Mittelland,2003Q3,4223.0,2003
Job vacancies - total,Espace Mittelland,2003Q4,4242.0,2003
Job vacancies - total,Espace Mittelland,2004Q1,5743.0,2004
Job vacancies - total,Espace Mittelland,2004Q2,6111.0,2004
Job vacancies - total,Espace Mittelland,2004Q3,4501.0,2004
Job vacancies - total,Espace Mittelland,2004Q4,4811.0,2004
Job vacancies - total,Espace Mittelland,2005Q1,5354.0,2005
Job vacancies - total,Espace Mittelland,2005Q2,5144.0,2005
Job vacancies - total,Espace Mittelland,2005Q3,5948.0,2005
Job vacancies - total,Espace Mittelland,2005Q4,6116.0,2005
Job vacancies - total,Espace Mittelland,2006Q1,7822.0,2006
Job vacancies - total,Espace Mittelland,2006Q2,8025.0,2006
Job vacancies - total,Espace Mittelland,2006Q3,7928.0,2006
Job vacancies - total,Espace Mittelland,2006Q4,9033.0,2006
Job vacancies - total,Espace Mittelland,2007Q1,10170.0,2007
Job vacancies - total,Espace Mittelland,2007Q2,11475.0,2007
Job vacancies - total,Espace Mittelland,2007Q3,13407.0,2007
Job vacancies - total,Espace Mittelland,2007Q4,10644.0,2007
Job vacancies - total,Espace Mittelland,2008Q1,12319.0,2008
Job vacancies - total,Espace Mittelland,2008Q2,11374.0,2008
Job vacancies - total,Espace Mittelland,2008Q3,11490.0,2008
Job vacancies - total,Espace Mittelland,2008Q4,7775.0,2008
Job vacancies - total,Espace Mittelland,2009Q1,8507.0,2009
Job vacancies - total,Espace Mittelland,2009Q2,7635.0,2009
Job vacancies - total,Espace Mittelland,2009Q3,6913.0,2009
Job vacancies - total,Espace Mittelland,2009Q4,6519.0,2009
Job vacancies - total,Espace Mittelland,2010Q1,8032.0,2010
Job vacancies - total,Espace Mittelland,2010Q2,8608.0,2010
Job vacancies - total,Espace Mittelland,2010Q3,9544.0,2010
Job vacancies - total,Espace Mittelland,2010Q4,9588.0,2010
Job vacancies - total,Espace Mittelland,2011Q1,11223.0,2011
Job vacancies - total,Espace Mittelland,2011Q2,11538.0,2011
Job vacancies - total,Espace Mittelland,2011Q3,10011.0,2011
Job vacancies - total,Espace Mittelland,2011Q4,8936.0,2011
Job vacancies - total,Espace Mittelland,2012Q1,10558.0,2012
Job vacancies - total,Espace Mittelland,2012Q2,9828.0,2012
Job vacancies - total,Espace Mittelland,2012Q3,8897.0,2012
Job vacancies - total,Espace Mittelland,2012Q4,8943.0,2012
Job vacancies - total,Espace Mittelland,2013Q1,10106.0,2013
Job vacancies - total,Espace Mittelland,2013Q2,10121.0,2013
Job vacancies - total,Espace Mittelland,2013Q3,8869.0,2013
Job vacancies - total,Espace Mittelland,2013Q4,8682.0,2013
Job vacancies - total,Espace Mittelland,2014Q1,10764.0,2014
Job vacancies - total,Espace Mittelland,2014Q2,10111.0,2014
Job vacancies - total,Espace Mittelland,2014Q3,9924.0,2014
Job vacancies - total,Espace Mittelland,2014Q4,9336.0,2014
Job vacancies - total,Espace Mittelland,2015Q1,9559.0,2015
Job vacancies - total,Espace Mittelland,2015Q2,9289.0,2015
Job vacancies - total,Espace Mittelland,2015Q3,8756.0,2015
Job vacancies - total,Espace Mittelland,2015Q4,9412.0,2015
Job vacancies - total,Espace Mittelland,2016Q1,8989.0,2016
Job vacancies - total,Espace Mittelland,2016Q2,10413.0,2016
Job vacancies - total,Espace Mittelland,2016Q3,8213.0,2016
Job vacancies - total,Espace Mittelland,2016Q4,9003.0,2016
Job vacancies - total,Espace Mittelland,2017Q1,10515.0,2017
Job vacancies - total,Espace Mittelland,2017Q2,10647.0,2017
Job vacancies - total,Espace Mittelland,2017Q3,10726.0,2017
Job vacancies - total,Espace Mittelland,2017Q4,10439.0,2017
Job vacancies - total,Espace Mittelland,2018Q1,13150.0,2018
Job vacancies - total,Espace Mittelland,2018Q2,14097.0,2018
Job vacancies - total,Espace Mittelland,2018Q3,14183.0,2018
Job vacancies - total,Espace Mittelland,2018Q4,15135.0,2018
Job vacancies - total,Espace Mittelland,2019Q1,15050.0,2019
Job vacancies - total,Espace Mittelland,2019Q2,15868.0,2019
Job vacancies - total,Espace Mittelland,2019Q3,13898.0,2019
Job vacancies - total,Espace Mittelland,2019Q4,14698.0,2019
Job vacancies - total,Espace Mittelland,2020Q1,12187.0,2020
Job vacancies - total,Espace Mittelland,2020Q2,11354.0,2020
Job vacancies - total,Espace Mittelland,2020Q3,12759.0,2020
Job vacancies - total,Espace Mittelland,2020Q4,12553.0,2020
Job vacancies - total,Espace Mittelland,2021Q1,15364.0,2021
Job vacancies - total,Espace Mittelland,2021Q2,16538.0,2021
Job vacancies - total,Espace Mittelland,2021Q3,18752.0,2021
Job vacancies - total,Espace Mittelland,2021Q4,20055.0,2021
Job vacancies - total,Espace Mittelland,2022Q1,23086.0,2022
Job vacancies - total,Espace Mittelland,2022Q2,24601.0,2022
Job vacancies - total,Espace Mittelland,2022Q3,23612.0,2022
Job vacancies - total,Espace Mittelland,2022Q4,24423.0,2022
Job vacancies - total,Espace Mittelland,2023Q1,25260.0,2023
Job vacancies - total,Espace Mittelland,2023Q2,24125.0,2023
Job vacancies - total,Espace Mittelland,2023Q3,22219.0,2023
Job vacancies - total,Espace Mittelland,2023Q4,22425.0,2023
Job vacancies - total,Espace Mittelland,2024Q1,23505.0,2024
Job vacancies - total,Espace Mittelland,2024Q2,20376.0,2024
Job vacancies - total,Espace Mittelland,2024Q3,20071.0,2024
Job vacancies - total,Espace Mittelland,2024Q4,18933.0,2024
Job vacancies - total,Espace Mittelland,2025Q1,18030.0,2025
Job vacancies - total,Espace Mittelland,2025Q2,16914.0,2025
Job vacancies - total,Espace Mittelland,2025Q3,15526.0,2025
Job vacancies - total,Espace Mittelland,2025Q4,14724.0,2025
Job vacancies - total,Nordwestschweiz,1997Q1,,1997
Job vacancies - total,Nordwestschweiz,1997Q2,,1997
Job vacancies - total,Nordwestschweiz,1997Q3,,1997
Job vacancies - total,Nordwestschweiz,1997Q4,,1997
Job vacancies - total,Nordwestschweiz,1998Q1,,1998
Job vacancies - total,Nordwestschweiz,1998Q2,,1998
Job vacancies - total,Nordwestschweiz,1998Q3,,1998
Job vacancies - total,Nordwestschweiz,1998Q4,,1998
Job vacancies - total,Nordwestschweiz,1999Q1,,1999
Job vacancies - total,Nordwestschweiz,1999Q2,,1999
Job vacancies - total,Nordwestschweiz,1999Q3,,1999
Job vacancies - total,Nordwestschweiz,1999Q4,,1999
Job vacancies - total,Nordwestschweiz,2000Q1,,2000
Job vacancies - total,Nordwestschweiz,2000Q2,,2000
Job vacancies - total,Nordwestschweiz,2000Q3,,2000
Job vacancies - total,Nordwestschweiz,2000Q4,,2000
Job vacancies - total,Nordwestschweiz,2001Q1,,2001
Job vacancies - total,Nordwestschweiz,2001Q2,,2001
Job vacancies - total,Nordwestschweiz,2001Q3,,2001
Job vacancies - total,Nordwestschweiz,2001Q4,,2001
Job vacancies - total,Nordwestschweiz,2002Q1,,2002
Job vacancies - total,Nordwestschweiz,2002Q2,,2002
Job vacancies - total,Nordwestschweiz,2002Q3,,2002
Job vacancies - total,Nordwestschweiz,2002Q4,,2002
Job vacancies - total,Nordwestschweiz,2003Q1,,2003
Job vacancies - total,Nordwestschweiz,2003Q2,5744.0,2003
Job vacancies - total,Nordwestschweiz,2003Q3,3914.0,2003
Job vacancies - total,Nordwestschweiz,2003Q4,4623.0,2003
Job vacancies - total,Nordwestschweiz,2004Q1,6853.0,2004
Job vacancies - total,Nordwestschweiz,2004Q2,6821.0,2004
Job vacancies - total,Nordwestschweiz,2004Q3,5576.0,2004
Job vacancies - total,Nordwestschweiz,2004Q4,5798.0,2004
Job vacancies - total,Nordwestschweiz,2005Q1,6545.0,2005
Job vacancies - total,Nordwestschweiz,2005Q2,6351.0,2005
Job vacancies - total,Nordwestschweiz,2005Q3,6513.0,2005
Job vacancies - total,Nordwestschweiz,2005Q4,7179.0,2005
Job vacancies - total,Nordwestschweiz,2006Q1,8617.0,2006
Job vacancies - total,Nordwestschweiz,2006Q2,9335.0,2006
Job vacancies - total,Nordwestschweiz,2006Q3,9637.0,2006
Job vacancies - total,Nordwestschweiz,2006Q4,8965.0,2006
Job vacancies - total,Nordwestschweiz,2007Q1,12366.0,2007
Job vacancies - total,Nordwestschweiz,2007Q2,12509.0,2007
Job vacancies - total,Nordwestschweiz,2007Q3,12974.0,2007
Job vacancies - total,Nordwestschweiz,2007Q4,12535.0,2007
Job vacancies - total,Nordwestschweiz,2008Q1,14349.0,2008
Job vacancies - total,Nordwestschweiz,2008Q2,13921.0,2008
Job vacancies - total,Nordwestschweiz,2008Q3,13066.0,2008
Job vacancies - total,Nordwestschweiz,2008Q4,9825.0,2008
Job vacancies - total,Nordwestschweiz,2009Q1,9164.0,2009
Job vacancies - total,Nordwestschweiz,2009Q2,10003.0,2009
Job vacancies - total,Nordwestschweiz,2009Q3,8794.0,2009
Job vacancies - total,Nordwestschweiz,2009Q4,8812.0,2009
Job vacancies - total,Nordwestschweiz,2010Q1,8414.0,2010
Job vacancies - total,Nordwestschweiz,2010Q2,9940.0,2010
Job vacancies - total,Nordwestschweiz,2010Q3,9517.0,2010
Job vacancies - total,Nordwestschweiz,2010Q4,8807.0,2010
Job vacancies - total,Nordwestschweiz,2011Q1,10421.0,2011
Job vacancies - total,Nordwestschweiz,2011Q2,10353.0,2011
Job vacancies - total,Nordwestschweiz,2011Q3,9094.0,2011
Job vacancies - total,Nordwestschweiz,2011Q4,8573.0,2011
Job vacancies - total,Nordwestschweiz,2012Q1,9949.0,2012
Job vacancies - total,Nordwestschweiz,2012Q2,9540.0,2012
Job vacancies - total,Nordwestschweiz,2012Q3,9772.0,2012
Job vacancies - total,Nordwestschweiz,2012Q4,9013.0,2012
Job vacancies - total,Nordwestschweiz,2013Q1,9909.0,2013
Job vacancies - total,Nordwestschweiz,2013Q2,10882.0,2013
Job vacancies - total,Nordwestschweiz,2013Q3,10140.0,2013
Job vacancies - total,Nordwestschweiz,2013Q4,9063.0,2013
Job vacancies - total,Nordwestschweiz,2014Q1,10563.0,2014
Job vacancies - total,Nordwestschweiz,2014Q2,10734.0,2014
Job vacancies - total,Nordwestschweiz,2014Q3,9342.0,2014
Job vacancies - total,Nordwestschweiz,2014Q4,8566.0,2014
Job vacancies - total,Nordwestschweiz,2015Q1,10133.0,2015
Job vacancies - total,Nordwestschweiz,2015Q2,9052.0,2015
Job vacancies - total,Nordwestschweiz,2015Q3,6944.0,2015
Job vacancies - total,Nordwestschweiz,2015Q4,7555.0,2015
Job vacancies - total,Nordwestschweiz,2016Q1,7387.0,2016
Job vacancies - total,Nordwestschweiz,2016Q2,7482.0,2016
Job vacancies - total,Nordwestschweiz,2016Q3,7810.0,2016
Job vacancies - total,Nordwestschweiz,2016Q4,8009.0,2016
Job vacancies - total,Nordwestschweiz,2017Q1,8578.0,2017
Job vacancies - total,Nordwestschweiz,2017Q2,9200.0,2017
Job vacancies - total,Nordwestschweiz,2017Q3,8264.0,2017
Job vacancies - total,Nordwestschweiz,2017Q4,8369.0,2017
Job vacancies - total,Nordwestschweiz,2018Q1,9381.0,2018
Job vacancies - total,Nordwestschweiz,2018Q2,11804.0,2018
Job vacancies - total,Nordwestschweiz,2018Q3,10643.0,2018
Job vacancies - total,Nordwestschweiz,2018Q4,12110.0,2018
Job vacancies - total,Nordwestschweiz,2019Q1,12360.0,2019
Job vacancies - total,Nordwestschweiz,2019Q2,14315.0,2019
Job vacancies - total,Nordwestschweiz,2019Q3,14062.0,2019
Job vacancies - total,Nordwestschweiz,2019Q4,14664.0,2019
Job vacancies - total,Nordwestschweiz,2020Q1,12391.0,2020
Job vacancies - total,Nordwestschweiz,2020Q2,10280.0,2020
Job vacancies - total,Nordwestschweiz,2020Q3,10873.0,2020
Job vacancies - total,Nordwestschweiz,2020Q4,11763.0,2020
Job vacancies - total,Nordwestschweiz,2021Q1,10720.0,2021
Job vacancies - total,Nordwestschweiz,2021Q2,12908.0,2021
Job vacancies - total,Nordwestschweiz,2021Q3,14848.0,2021
Job vacancies - total,Nordwestschweiz,2021Q4,15111.0,2021
Job vacancies - total,Nordwestschweiz,2022Q1,17199.0,2022
Job vacancies - total,Nordwestschweiz,2022Q2,19779.0,2022
Job vacancies - total,Nordwestschweiz,2022Q3,19427.0,2022
Job vacancies - total,Nordwestschweiz,2022Q4,18343.0,2022
Job vacancies - total,Nordwestschweiz,2023Q1,21501.0,2023
Job vacancies - total,Nordwestschweiz,2023Q2,21030.0,2023
Job vacancies - total,Nordwestschweiz,2023Q3,18307.0,2023
Job vacancies - total,Nordwestschweiz,2023Q4,17262.0,2023
Job vacancies - total,Nordwestschweiz,2024Q1,17193.0,2024
Job vacancies - total,Nordwestschweiz,2024Q2,16041.0,2024
Job vacancies - total,Nordwestschweiz,2024Q3,15858.0,2024
Job vacancies - total,Nordwestschweiz,2024Q4,13141.0,2024
Job vacancies - total,Nordwestschweiz,2025Q1,14291.0,2025
Job vacancies - total,Nordwestschweiz,2025Q2,13365.0,2025
Job vacancies - total,Nordwestschweiz,2025Q3,12189.0,2025
Job vacancies - total,Nordwestschweiz,2025Q4,13495.0,2025
Job vacancies - total,Zürich,1997Q1,,1997
Job vacancies - total,Zürich,1997Q2,,1997
Job vacancies - total,Zürich,1997Q3,,1997
Job vacancies - total,Zürich,1997Q4,,1997
Job vacancies - total,Zürich,1998Q1,,1998
Job vacancies - total,Zürich,1998Q2,,1998
Job vacancies - total,Zürich,1998Q3,,1998
Job vacancies - total,Zürich,1998Q4,,1998
Job vacancies - total,Zürich,1999Q1,,1999
Job vacancies - total,Zürich,1999Q2,,1999
Job vacancies - total,Zürich,1999Q3,,1999
Job vacancies - total,Zürich,1999Q4,,1999
Job vacancies - total,Zürich,2000Q1,,2000
Job vacancies - total,Zürich,2000Q2,,2000
Job vacancies - total,Zürich,2000Q3,,2000
Job vacancies - total,Zürich,2000Q4,,2000
Job vacancies - total,Zürich,2001Q1,,2001
Job vacancies - total,Zürich,2001Q2,,2001
Job vacancies - total,Zürich,2001Q3,,2001
Job vacancies - total,Zürich,2001Q4,,2001
Job vacancies - total,Zürich,2002Q1,,2002
Job vacancies - total,Zürich,2002Q2,,2002
Job vacancies - total,Zürich,2002Q3,,2002
Job vacancies - total,Zürich,2002Q4,,2002
Job vacancies - total,Zürich,2003Q1,,2003
Job vacancies - total,Zürich,2003Q2,8169.0,2003
Job vacancies - total,Zürich,2003Q3,6165.0,2003
Job vacancies - total,Zürich,2003Q4,7421.0,2003
Job vacancies - total,Zürich,2004Q1,9890.0,2004
Job vacancies - total,Zürich,2004Q2,9222.0,2004
Job vacancies - total,Zürich,2004Q3,8570.0,2004
Job vacancies - total,Zürich,2004Q4,8049.0,2004
Job vacancies - total,Zürich,2005Q1,9610.0,2005
Job vacancies - total,Zürich,2005Q2,9343.0,2005
Job vacancies - total,Zürich,2005Q3,9029.0,2005
Job vacancies - total,Zürich,2005Q4,12952.0,2005
Job vacancies - total,Zürich,2006Q1,14685.0,2006
Job vacancies - total,Zürich,2006Q2,13551.0,2006
Job vacancies - total,Zürich,2006Q3,13948.0,2006
Job vacancies - total,Zürich,2006Q4,15823.0,2006
Job vacancies - total,Zürich,2007Q1,17357.0,2007
Job vacancies - total,Zürich,2007Q2,18613.0,2007
Job vacancies - total,Zürich,2007Q3,18639.0,2007
Job vacancies - total,Zürich,2007Q4,18072.0,2007
Job vacancies - total,Zürich,2008Q1,18021.0,2008
Job vacancies - total,Zürich,2008Q2,19406.0,2008
Job vacancies - total,Zürich,2008Q3,18429.0,2008
Job vacancies - total,Zürich,2008Q4,13459.0,2008
Job vacancies - total,Zürich,2009Q1,11658.0,2009
Job vacancies - total,Zürich,2009Q2,11258.0,2009
Job vacancies - total,Zürich,2009Q3,11521.0,2009
Job vacancies - total,Zürich,2009Q4,13114.0,2009
Job vacancies - total,Zürich,2010Q1,13700.0,2010
Job vacancies - total,Zürich,2010Q2,16217.0,2010
Job vacancies - total,Zürich,2010Q3,16149.0,2010
Job vacancies - total,Zürich,2010Q4,17023.0,2010
Job vacancies - total,Zürich,2011Q1,17836.0,2011
Job vacancies - total,Zürich,2011Q2,18028.0,2011
Job vacancies - total,Zürich,2011Q3,14937.0,2011
Job vacancies - total,Zürich,2011Q4,14240.0,2011
Job vacancies - total,Zürich,2012Q1,15333.0,2012
Job vacancies - total,Zürich,2012Q2,14762.0,2012
Job vacancies - total,Zürich,2012Q3,13463.0,2012
Job vacancies - total,Zürich,2012Q4,14233.0,2012
Job vacancies - total,Zürich,2013Q1,15049.0,2013
Job vacancies - total,Zürich,2013Q2,14969.0,2013
Job vacancies - total,Zürich,2013Q3,14528.0,2013
Job vacancies - total,Zürich,2013Q4,15435.0,2013
Job vacancies - total,Zürich,2014Q1,16834.0,2014
Job vacancies - total,Zürich,2014Q2,16106.0,2014
Job vacancies - total,Zürich,2014Q3,15810.0,2014
Job vacancies - total,Zürich,2014Q4,15687.0,2014
Job vacancies - total,Zürich,2015Q1,16171.0,2015
Job vacancies - total,Zürich,2015Q2,15193.0,2015
Job vacancies - total,Zürich,2015Q3,14904.0,2015
Job vacancies - total,Zürich,2015Q4,15138.0,2015
Job vacancies - total,Zürich,2016Q1,15184.0,2016
Job vacancies - total,Zürich,2016Q2,14491.0,2016
Job vacancies - total,Zürich,2016Q3,15226.0,2016
Job vacancies - total,Zürich,2016Q4,13871.0,2016
Job vacancies - total,Zürich,2017Q1,16401.0,2017
Job vacancies - total,Zürich,2017Q2,15967.0,2017
Job vacancies - total,Zürich,2017Q3,15843.0,2017
Job vacancies - total,Zürich,2017Q4,16106.0,2017
Job vacancies - total,Zürich,2018Q1,17384.0,2018
Job vacancies - total,Zürich,2018Q2,19175.0,2018
Job vacancies - total,Zürich,2018Q3,19587.0,2018
Job vacancies - total,Zürich,2018Q4,19396.0,2018
Job vacancies - total,Zürich,2019Q1,20143.0,2019
Job vacancies - total,Zürich,2019Q2,20338.0,2019
Job vacancies - total,Zürich,2019Q3,20071.0,2019
Job vacancies - total,Zürich,2019Q4,19150.0,2019
Job vacancies - total,Zürich,2020Q1,15770.0,2020
Job vacancies - total,Zürich,2020Q2,14071.0,2020
Job vacancies - total,Zürich,2020Q3,15452.0,2020
Job vacancies - total,Zürich,2020Q4,14994.0,2020
Job vacancies - total,Zürich,2021Q1,15504.0,2021
Job vacancies - total,Zürich,2021Q2,20392.0,2021
Job vacancies - total,Zürich,2021Q3,23185.0,2021
Job vacancies - total,Zürich,2021Q4,24617.0,2021
Job vacancies - total,Zürich,2022Q1,28824.0,2022
Job vacancies - total,Zürich,2022Q2,30983.0,2022
Job vacancies - total,Zürich,2022Q3,29179.0,2022
Job vacancies - total,Zürich,2022Q4,28292.0,2022
Job vacancies - total,Zürich,2023Q1,28098.0,2023
Job vacancies - total,Zürich,2023Q2,29525.0,2023
Job vacancies - total,Zürich,2023Q3,27403.0,2023
Job vacancies - total,Zürich,2023Q4,26155.0,2023
Job vacancies - total,Zürich,2024Q1,25594.0,2024
Job vacancies - total,Zürich,2024Q2,24361.0,2024
Job vacancies - total,Zürich,2024Q3,23350.0,2024
Job vacancies - total,Zürich,2024Q4,21736.0,2024
Job vacancies - total,Zürich,2025Q1,21584.0,2025
Job vacancies - total,Zürich,2025Q2,23842.0,2025
Job vacancies - total,Zürich,2025Q3,21988.0,2025
Job vacancies - total,Zürich,2025Q4,22114.0,2025
Job vacancies - total,Ostschweiz,1997Q1,,1997
Job vacancies - total,Ostschweiz,1997Q2,,1997
Job vacancies - total,Ostschweiz,1997Q3,,1997
Job vacancies - total,Ostschweiz,1997Q4,,1997
Job vacancies - total,Ostschweiz,1998Q1,,1998
Job vacancies - total,Ostschweiz,1998Q2,,1998
Job vacancies - total,Ostschweiz,1998Q3,,1998
Job vacancies - total,Ostschweiz,1998Q4,,1998
Job vacancies - total,Ostschweiz,1999Q1,,1999
Job vacancies - total,Ostschweiz,1999Q2,,1999
Job vacancies - total,Ostschweiz,1999Q3,,1999
Job vacancies - total,Ostschweiz,1999Q4,,1999
Job vacancies - total,Ostschweiz,2000Q1,,2000
Job vacancies - total,Ostschweiz,2000Q2,,2000
Job vacancies - total,Ostschweiz,2000Q3,,2000
Job vacancies - total,Ostschweiz,2000Q4,,2000
Job vacancies - total,Ostschweiz,2001Q1,,2001
Job vacancies - total,Ostschweiz,2001Q2,,2001
Job vacancies - total,Ostschweiz,2001Q3,,2001
Job vacancies - total,Ostschweiz,2001Q4,,2001
Job vacancies - total,Ostschweiz,2002Q1,,2002
Job vacancies - total,Ostschweiz,2002Q2,,2002
Job vacancies - total,Ostschweiz,2002Q3,,2002
Job vacancies - total,Ostschweiz,2002Q4,,2002
Job vacancies - total,Ostschweiz,2003Q1,,2003
Job vacancies - total,Ostschweiz,2003Q2,4924.0,2003
Job vacancies - total,Ostschweiz,2003Q3,3348.0,2003
Job vacancies - total,Ostschweiz,2003Q4,3631.0,2003
Job vacancies - total,Ostschweiz,2004Q1,5254.0,2004
Job vacancies - total,Ostschweiz,2004Q2,5003.0,2004
Job vacancies - total,Ostschweiz,2004Q3,3253.0,2004
Job vacancies - total,Ostschweiz,2004Q4,3283.0,2004
Job vacancies - total,Ostschweiz,2005Q1,4739.0,2005
Job vacancies - total,Ostschweiz,2005Q2,4265.0,2005
Job vacancies - total,Ostschweiz,2005Q3,4114.0,2005
Job vacancies - total,Ostschweiz,2005Q4,4335.0,2005
Job vacancies - total,Ostschweiz,2006Q1,6192.0,2006
Job vacancies - total,Ostschweiz,2006Q2,6621.0,2006
Job vacancies - total,Ostschweiz,2006Q3,6294.0,2006
Job vacancies - total,Ostschweiz,2006Q4,7159.0,2006
Job vacancies - total,Ostschweiz,2007Q1,8490.0,2007
Job vacancies - total,Ostschweiz,2007Q2,10226.0,2007
Job vacancies - total,Ostschweiz,2007Q3,9269.0,2007
Job vacancies - total,Ostschweiz,2007Q4,10158.0,2007
Job vacancies - total,Ostschweiz,2008Q1,12508.0,2008
Job vacancies - total,Ostschweiz,2008Q2,10943.0,2008
Job vacancies - total,Ostschweiz,2008Q3,10406.0,2008
Job vacancies - total,Ostschweiz,2008Q4,6947.0,2008
Job vacancies - total,Ostschweiz,2009Q1,6782.0,2009
Job vacancies - total,Ostschweiz,2009Q2,6209.0,2009
Job vacancies - total,Ostschweiz,2009Q3,4621.0,2009
Job vacancies - total,Ostschweiz,2009Q4,5562.0,2009
Job vacancies - total,Ostschweiz,2010Q1,6413.0,2010
Job vacancies - total,Ostschweiz,2010Q2,6950.0,2010
Job vacancies - total,Ostschweiz,2010Q3,6347.0,2010
Job vacancies - total,Ostschweiz,2010Q4,6535.0,2010
Job vacancies - total,Ostschweiz,2011Q1,8147.0,2011
Job vacancies - total,Ostschweiz,2011Q2,7181.0,2011
Job vacancies - total,Ostschweiz,2011Q3,6524.0,2011
Job vacancies - total,Ostschweiz,2011Q4,5908.0,2011
Job vacancies - total,Ostschweiz,2012Q1,7916.0,2012
Job vacancies - total,Ostschweiz,2012Q2,6629.0,2012
Job vacancies - total,Ostschweiz,2012Q3,6355.0,2012
Job vacancies - total,Ostschweiz,2012Q4,5818.0,2012
Job vacancies - total,Ostschweiz,2013Q1,7054.0,2013
Job vacancies - total,Ostschweiz,2013Q2,6919.0,2013
Job vacancies - total,Ostschweiz,2013Q3,7028.0,2013
Job vacancies - total,Ostschweiz,2013Q4,7051.0,2013
Job vacancies - total,Ostschweiz,2014Q1,7237.0,2014
Job vacancies - total,Ostschweiz,2014Q2,6507.0,2014
Job vacancies - total,Ostschweiz,2014Q3,6297.0,2014
Job vacancies - total,Ostschweiz,2014Q4,6405.0,2014
Job vacancies - total,Ostschweiz,2015Q1,6577.0,2015
Job vacancies - total,Ostschweiz,2015Q2,5864.0,2015
Job vacancies - total,Ostschweiz,2015Q3,5772.0,2015
Job vacancies - total,Ostschweiz,2015Q4,5588.0,2015
Job vacancies - total,Ostschweiz,2016Q1,6862.0,2016
Job vacancies - total,Ostschweiz,2016Q2,6418.0,2016
Job vacancies - total,Ostschweiz,2016Q3,6807.0,2016
Job vacancies - total,Ostschweiz,2016Q4,7912.0,2016
Job vacancies - total,Ostschweiz,2017Q1,7798.0,2017
Job vacancies - total,Ostschweiz,2017Q2,7073.0,2017
Job vacancies - total,Ostschweiz,2017Q3,7198.0,2017
Job vacancies - total,Ostschweiz,2017Q4,8535.0,2017
Job vacancies - total,Ostschweiz,2018Q1,10214.0,2018
Job vacancies - total,Ostschweiz,2018Q2,10237.0,2018
Job vacancies - total,Ostschweiz,2018Q3,10111.0,2018
Job vacancies - total,Ostschweiz,2018Q4,10840.0,2018
Job vacancies - total,Ostschweiz,2019Q1,10574.0,2019
Job vacancies - total,Ostschweiz,2019Q2,11248.0,2019
Job vacancies - total,Ostschweiz,2019Q3,11296.0,2019
Job vacancies - total,Ostschweiz,2019Q4,10240.0,2019
Job vacancies - total,Ostschweiz,2020Q1,9288.0,2020
Job vacancies - total,Ostschweiz,2020Q2,9085.0,2020
Job vacancies - total,Ostschweiz,2020Q3,10480.0,2020
Job vacancies - total,Ostschweiz,2020Q4,9515.0,2020
Job vacancies - total,Ostschweiz,2021Q1,11048.0,2021
Job vacancies - total,Ostschweiz,2021Q2,12002.0,2021
Job vacancies - total,Ostschweiz,2021Q3,11797.0,2021
Job vacancies - total,Ostschweiz,2021Q4,13033.0,2021
Job vacancies - total,Ostschweiz,2022Q1,15672.0,2022
Job vacancies - total,Ostschweiz,2022Q2,16512.0,2022
Job vacancies - total,Ostschweiz,2022Q3,16244.0,2022
Job vacancies - total,Ostschweiz,2022Q4,18021.0,2022
Job vacancies - total,Ostschweiz,2023Q1,16463.0,2023
Job vacancies - total,Ostschweiz,2023Q2,16681.0,2023
Job vacancies - total,Ostschweiz,2023Q3,15984.0,2023
Job vacancies - total,Ostschweiz,2023Q4,15290.0,2023
Job vacancies - total,Ostschweiz,2024Q1,17341.0,2024
Job vacancies - total,Ostschweiz,2024Q2,15711.0,2024
Job vacancies - total,Ostschweiz,2024Q3,14551.0,2024
Job vacancies - total,Ostschweiz,2024Q4,14030.0,2024
Job vacancies - total,Ostschweiz,2025Q1,14482.0,2025
Job vacancies - total,Ostschweiz,2025Q2,14251.0,2025
Job vacancies - total,Ostschweiz,2025Q3,14200.0,2025
Job vacancies - total,Ostschweiz,2025Q4,12442.0,2025
Job vacancies - total,Zentralschweiz,1997Q1,,1997
Job vacancies - total,Zentralschweiz,1997Q2,,1997
Job vacancies - total,Zentralschweiz,1997Q3,,1997
Job vacancies - total,Zentralschweiz,1997Q4,,1997
Job vacancies - total,Zentralschweiz,1998Q1,,1998
Job vacancies - total,Zentralschweiz,1998Q2,,1998
Job vacancies - total,Zentralschweiz,1998Q3,,1998
Job vacancies - total,Zentralschweiz,1998Q4,,1998
Job vacancies - total,Zentralschweiz,1999Q1,,1999
Job vacancies - total,Zentralschweiz,1999Q2,,1999
Job vacancies - total,Zentralschweiz,1999Q3,,1999
Job vacancies - total,Zentralschweiz,1999Q4,,1999
Job vacancies - total,Zentralschweiz,2000Q1,,2000
Job vacancies - total,Zentralschweiz,2000Q2,,2000
Job vacancies - total,Zentralschweiz,2000Q3,,2000
Job vacancies - total,Zentralschweiz,2000Q4,,2000
Job vacancies - total,Zentralschweiz,2001Q1,,2001
Job vacancies - total,Zentralschweiz,2001Q2,,2001
Job vacancies - total,Zentralschweiz,2001Q3,,2001
Job vacancies - total,Zentralschweiz,2001Q4,,2001
Job vacancies - total,Zentralschweiz,2002Q1,,2002
Job vacancies - total,Zentralschweiz,2002Q2,,2002
Job vacancies - total,Zentralschweiz,2002Q3,,2002
Job vacancies - total,Zentralschweiz,2002Q4,,2002
Job vacancies - total,Zentralschweiz,2003Q1,,2003
Job vacancies - total,Zentralschweiz,2003Q2,2574.0,2003
Job vacancies - total,Zentralschweiz,2003Q3,2602.0,2003
Job vacancies - total,Zentralschweiz,2003Q4,2412.0,2003
Job vacancies - total,Zentralschweiz,2004Q1,4346.0,2004
Job vacancies - total,Zentralschweiz,2004Q2,3853.0,2004
Job vacancies - total,Zentralschweiz,2004Q3,2731.0,2004
Job vacancies - total,Zentralschweiz,2004Q4,2878.0,2004
Job vacancies - total,Zentralschweiz,2005Q1,2998.0,2005
Job vacancies - total,Zentralschweiz,2005Q2,2934.0,2005
Job vacancies - total,Zentralschweiz,2005Q3,2793.0,2005
Job vacancies - total,Zentralschweiz,2005Q4,3553.0,2005
Job vacancies - total,Zentralschweiz,2006Q1,4524.0,2006
Job vacancies - total,Zentralschweiz,2006Q2,5937.0,2006
Job vacancies - total,Zentralschweiz,2006Q3,4741.0,2006
Job vacancies - total,Zentralschweiz,2006Q4,4748.0,2006
Job vacancies - total,Zentralschweiz,2007Q1,6423.0,2007
Job vacancies - total,Zentralschweiz,2007Q2,6530.0,2007
Job vacancies - total,Zentralschweiz,2007Q3,6997.0,2007
Job vacancies - total,Zentralschweiz,2007Q4,6570.0,2007
Job vacancies - total,Zentralschweiz,2008Q1,8146.0,2008
Job vacancies - total,Zentralschweiz,2008Q2,6874.0,2008
Job vacancies - total,Zentralschweiz,2008Q3,6901.0,2008
Job vacancies - total,Zentralschweiz,2008Q4,4648.0,2008
Job vacancies - total,Zentralschweiz,2009Q1,4682.0,2009
Job vacancies - total,Zentralschweiz,2009Q2,4224.0,2009
Job vacancies - total,Zentralschweiz,2009Q3,4413.0,2009
Job vacancies - total,Zentralschweiz,2009Q4,4309.0,2009
Job vacancies - total,Zentralschweiz,2010Q1,5565.0,2010
Job vacancies - total,Zentralschweiz,2010Q2,4810.0,2010
Job vacancies - total,Zentralschweiz,2010Q3,5219.0,2010
Job vacancies - total,Zentralschweiz,2010Q4,4846.0,2010
Job vacancies - total,Zentralschweiz,2011Q1,5536.0,2011
Job vacancies - total,Zentralschweiz,2011Q2,6352.0,2011
Job vacancies - total,Zentralschweiz,2011Q3,5501.0,2011
Job vacancies - total,Zentralschweiz,2011Q4,4996.0,2011
Job vacancies - total,Zentralschweiz,2012Q1,5565.0,2012
Job vacancies - total,Zentralschweiz,2012Q2,5544.0,2012
Job vacancies - total,Zentralschweiz,2012Q3,5834.0,2012
Job vacancies - total,Zentralschweiz,2012Q4,5234.0,2012
Job vacancies - total,Zentralschweiz,2013Q1,6269.0,2013
Job vacancies - total,Zentralschweiz,2013Q2,5690.0,2013
Job vacancies - total,Zentralschweiz,2013Q3,6054.0,2013
Job vacancies - total,Zentralschweiz,2013Q4,5815.0,2013
Job vacancies - total,Zentralschweiz,2014Q1,5947.0,2014
Job vacancies - total,Zentralschweiz,2014Q2,5150.0,2014
Job vacancies - total,Zentralschweiz,2014Q3,5643.0,2014
Job vacancies - total,Zentralschweiz,2014Q4,6019.0,2014
Job vacancies - total,Zentralschweiz,2015Q1,6051.0,2015
Job vacancies - total,Zentralschweiz,2015Q2,5092.0,2015
Job vacancies - total,Zentralschweiz,2015Q3,5420.0,2015
Job vacancies - total,Zentralschweiz,2015Q4,4332.0,2015
Job vacancies - total,Zentralschweiz,2016Q1,5026.0,2016
Job vacancies - total,Zentralschweiz,2016Q2,5527.0,2016
Job vacancies - total,Zentralschweiz,2016Q3,5545.0,2016
Job vacancies - total,Zentralschweiz,2016Q4,4787.0,2016
Job vacancies - total,Zentralschweiz,2017Q1,6359.0,2017
Job vacancies - total,Zentralschweiz,2017Q2,5904.0,2017
Job vacancies - total,Zentralschweiz,2017Q3,6356.0,2017
Job vacancies - total,Zentralschweiz,2017Q4,7316.0,2017
Job vacancies - total,Zentralschweiz,2018Q1,7919.0,2018
Job vacancies - total,Zentralschweiz,2018Q2,7577.0,2018
Job vacancies - total,Zentralschweiz,2018Q3,7318.0,2018
Job vacancies - total,Zentralschweiz,2018Q4,7272.0,2018
Job vacancies - total,Zentralschweiz,2019Q1,8617.0,2019
Job vacancies - total,Zentralschweiz,2019Q2,10337.0,2019
Job vacancies - total,Zentralschweiz,2019Q3,8349.0,2019
Job vacancies - total,Zentralschweiz,2019Q4,9550.0,2019
Job vacancies - total,Zentralschweiz,2020Q1,9134.0,2020
Job vacancies - total,Zentralschweiz,2020Q2,6380.0,2020
Job vacancies - total,Zentralschweiz,2020Q3,6364.0,2020
Job vacancies - total,Zentralschweiz,2020Q4,7106.0,2020
Job vacancies - total,Zentralschweiz,2021Q1,8716.0,2021
Job vacancies - total,Zentralschweiz,2021Q2,12040.0,2021
Job vacancies - total,Zentralschweiz,2021Q3,13899.0,2021
Job vacancies - total,Zentralschweiz,2021Q4,14910.0,2021
Job vacancies - total,Zentralschweiz,2022Q1,18189.0,2022
Job vacancies - total,Zentralschweiz,2022Q2,14726.0,2022
Job vacancies - total,Zentralschweiz,2022Q3,14821.0,2022
Job vacancies - total,Zentralschweiz,2022Q4,13540.0,2022
Job vacancies - total,Zentralschweiz,2023Q1,14196.0,2023
Job vacancies - total,Zentralschweiz,2023Q2,13318.0,2023
Job vacancies - total,Zentralschweiz,2023Q3,11385.0,2023
Job vacancies - total,Zentralschweiz,2023Q4,10431.0,2023
Job vacancies - total,Zentralschweiz,2024Q1,11332.0,2024
Job vacancies - total,Zentralschweiz,2024Q2,10756.0,2024
Job vacancies - total,Zentralschweiz,2024Q3,8868.0,2024
Job vacancies - total,Zentralschweiz,2024Q4,8660.0,2024
Job vacancies - total,Zentralschweiz,2025Q1,9005.0,2025
Job vacancies - total,Zentralschweiz,2025Q2,9750.0,2025
Job vacancies - total,Zentralschweiz,2025Q3,9275.0,2025
Job vacancies - total,Zentralschweiz,2025Q4,8144.0,2025
Job vacancies - total,Ticino,1997Q1,,1997
Job vacancies - total,Ticino,1997Q2,,1997
Job vacancies - total,Ticino,1997Q3,,1997
Job vacancies - total,Ticino,1997Q4,,1997
Job vacancies - total,Ticino,1998Q1,,1998
Job vacancies - total,Ticino,1998Q2,,1998
Job vacancies - total,Ticino,1998Q3,,1998
Job vacancies - total,Ticino,1998Q4,,1998
Job vacancies - total,Ticino,1999Q1,,1999
Job vacancies - total,Ticino,1999Q2,,1999
Job vacancies - total,Ticino,1999Q3,,1999
Job vacancies - total,Ticino,1999Q4,,1999
Job vacancies - total,Ticino,2000Q1,,2000
Job vacancies - total,Ticino,2000Q2,,2000
Job vacancies - total,Ticino,2000Q3,,2000
Job vacancies - total,Ticino,2000Q4,,2000
Job vacancies - total,Ticino,2001Q1,,2001
Job vacancies - total,Ticino,2001Q2,,2001
Job vacancies - total,Ticino,2001Q3,,2001
Job vacancies - total,Ticino,2001Q4,,2001
Job vacancies - total,Ticino,2002Q1,,2002
Job vacancies - total,Ticino,2002Q2,,2002
Job vacancies - total,Ticino,2002Q3,,2002
Job vacancies - total,Ticino,2002Q4,,2002
Job vacancies - total,Ticino,2003Q1,,2003
Job vacancies - total,Ticino,2003Q2,2421.0,2003
Job vacancies - total,Ticino,2003Q3,1931.0,2003
Job vacancies - total,Ticino,2003Q4,864.0,2003
Job vacancies - total,Ticino,2004Q1,1331.0,2004
Job vacancies - total,Ticino,2004Q2,1792.0,2004
Job vacancies - total,Ticino,2004Q3,1303.0,2004
Job vacancies - total,Ticino,2004Q4,736.0,2004
Job vacancies - total,Ticino,2005Q1,1027.0,2005
Job vacancies - total,Ticino,2005Q2,1022.0,2005
Job vacancies - total,Ticino,2005Q3,1073.0,2005
Job vacancies - total,Ticino,2005Q4,1539.0,2005
Job vacancies - total,Ticino,2006Q1,2132.0,2006
Job vacancies - total,Ticino,2006Q2,1470.0,2006
Job vacancies - total,Ticino,2006Q3,1528.0,2006
Job vacancies - total,Ticino,2006Q4,1881.0,2006
Job vacancies - total,Ticino,2007Q1,1990.0,2007
Job vacancies - total,Ticino,2007Q2,2480.0,2007
Job vacancies - total,Ticino,2007Q3,1780.0,2007
Job vacancies - total,Ticino,2007Q4,2155.0,2007
Job vacancies - total,Ticino,2008Q1,2379.0,2008
Job vacancies - total,Ticino,2008Q2,2114.0,2008
Job vacancies - total,Ticino,2008Q3,1697.0,2008
Job vacancies - total,Ticino,2008Q4,1183.0,2008
Job vacancies - total,Ticino,2009Q1,1175.0,2009
Job vacancies - total,Ticino,2009Q2,2115.0,2009
Job vacancies - total,Ticino,2009Q3,1258.0,2009
Job vacancies - total,Ticino,2009Q4,1065.0,2009
Job vacancies - total,Ticino,2010Q1,1392.0,2010
Job vacancies - total,Ticino,2010Q2,1355.0,2010
Job vacancies - total,Ticino,2010Q3,1317.0,2010
Job vacancies - total,Ticino,2010Q4,1127.0,2010
Job vacancies - total,Ticino,2011Q1,1789.0,2011
Job vacancies - total,Ticino,2011Q2,1452.0,2011
Job vacancies - total,Ticino,2011Q3,1508.0,2011
Job vacancies - total,Ticino,2011Q4,1441.0,2011
Job vacancies - total,Ticino,2012Q1,1629.0,2012
Job vacancies - total,Ticino,2012Q2,1459.0,2012
Job vacancies - total,Ticino,2012Q3,1286.0,2012
Job vacancies - total,Ticino,2012Q4,1005.0,2012
Job vacancies - total,Ticino,2013Q1,1207.0,2013
Job vacancies - total,Ticino,2013Q2,1124.0,2013
Job vacancies - total,Ticino,2013Q3,1488.0,2013
Job vacancies - total,Ticino,2013Q4,1179.0,2013
Job vacancies - total,Ticino,2014Q1,1444.0,2014
Job vacancies - total,Ticino,2014Q2,1269.0,2014
Job vacancies - total,Ticino,2014Q3,1087.0,2014
Job vacancies - total,Ticino,2014Q4,1469.0,2014
Job vacancies - total,Ticino,2015Q1,1272.0,2015
Job vacancies - total,Ticino,2015Q2,1454.0,2015
Job vacancies - total,Ticino,2015Q3,1156.0,2015
Job vacancies - total,Ticino,2015Q4,954.0,2015
Job vacancies - total,Ticino,2016Q1,1226.0,2016
Job vacancies - total,Ticino,2016Q2,1902.0,2016
Job vacancies - total,Ticino,2016Q3,2287.0,2016
Job vacancies - total,Ticino,2016Q4,2247.0,2016
Job vacancies - total,Ticino,2017Q1,1504.0,2017
Job vacancies - total,Ticino,2017Q2,1734.0,2017
Job vacancies - total,Ticino,2017Q3,905.0,2017
Job vacancies - total,Ticino,2017Q4,1049.0,2017
Job vacancies - total,Ticino,2018Q1,1636.0,2018
Job vacancies - total,Ticino,2018Q2,1097.0,2018
Job vacancies - total,Ticino,2018Q3,1083.0,2018
Job vacancies - total,Ticino,2018Q4,1162.0,2018
Job vacancies - total,Ticino,2019Q1,1653.0,2019
Job vacancies - total,Ticino,2019Q2,2210.0,2019
Job vacancies - total,Ticino,2019Q3,1781.0,2019
Job vacancies - total,Ticino,2019Q4,1428.0,2019
Job vacancies - total,Ticino,2020Q1,1331.0,2020
Job vacancies - total,Ticino,2020Q2,1044.0,2020
Job vacancies - total,Ticino,2020Q3,1465.0,2020
Job vacancies - total,Ticino,2020Q4,785.0,2020
Job vacancies - total,Ticino,2021Q1,1041.0,2021
Job vacancies - total,Ticino,2021Q2,1303.0,2021
Job vacancies - total,Ticino,2021Q3,1873.0,2021
Job vacancies - total,Ticino,2021Q4,2077.0,2021
Job vacancies - total,Ticino,2022Q1,1794.0,2022
Job vacancies - total,Ticino,2022Q2,2183.0,2022
Job vacancies - total,Ticino,2022Q3,2571.0,2022
Job vacancies - total,Ticino,2022Q4,2234.0,2022
Job vacancies - total,Ticino,2023Q1,2579.0,2023
Job vacancies - total,Ticino,2023Q2,2591.0,2023
Job vacancies - total,Ticino,2023Q3,1718.0,2023
Job vacancies - total,Ticino,2023Q4,2065.0,2023
Job vacancies - total,Ticino,2024Q1,1855.0,2024
Job vacancies - total,Ticino,2024Q2,2013.0,2024
Job vacancies - total,Ticino,2024Q3,1264.0,2024
Job vacancies - total,Ticino,2024Q4,1381.0,2024
Job vacancies - total,Ticino,2025Q1,2191.0,2025
Job vacancies - total,Ticino,2025Q2,1470.0,2025
Job vacancies - total,Ticino,2025Q3,1327.0,2025
Job vacancies - total,Ticino,2025Q4,1714.0,2025
